epoch,time,train/box_loss,train/cls_loss,train/dfl_loss,metrics/precision(B),metrics/recall(B),metrics/mAP50(B),metrics/mAP50-95(B),val/box_loss,val/cls_loss,val/dfl_loss,lr/pg0,lr/pg1,lr/pg2
1,139.084,1.09508,0.86592,0.88733,0.81166,0.778,0.82989,0.58845,1.15538,1.00751,0.93967,0.00015554,0.00015554,0.00015554
2,276.379,1.04109,0.79399,0.87277,0.85681,0.90698,0.91121,0.67189,0.91369,0.83835,0.92198,0.000299407,0.000299407,0.000299407
3,406.723,1.04257,0.78898,0.86778,0.92296,0.74782,0.8928,0.63971,1.14035,0.76391,0.9573,0.000419704,0.000419704,0.000419704
4,533.203,1.03841,0.78247,0.87951,0.80712,0.83571,0.90178,0.6512,1.08341,0.72938,0.93918,0.000516432,0.000516432,0.000516432
5,659.674,0.94673,0.75279,0.85881,0.91848,0.81761,0.85426,0.66237,0.91704,0.67483,0.90652,0.000589592,0.000589592,0.000589592
6,789.322,0.97834,0.75974,0.86928,0.94713,0.88399,0.91862,0.67438,0.80817,0.75761,0.89611,0.000639182,0.000639182,0.000639182
